,Year,Month,Date (fraction of year),Monthly Mean Total,Monthly Mean SD,Number of Observations,Definitive/Provisional
0,1895,1,1895.0420000000001,105.4,9.2,31,1
1,1895,2,1895.1229999999998,112.0,9.4,28,1
2,1895,3,1895.204,101.6,9.0,31,1
3,1895,4,1895.2879999999998,128.2,10.1,30,1
4,1895,5,1895.371,112.5,9.4,31,1
5,1895,6,1895.455,119.1,9.7,30,1
6,1895,7,1895.5379999999998,79.7,8.0,31,1
7,1895,8,1895.6229999999998,114.9,9.6,31,1
8,1895,9,1895.707,96.1,8.8,30,1
9,1895,10,1895.79,113.2,9.5,31,1
10,1895,11,1895.874,78.6,7.9,30,1
11,1895,12,1895.9579999999999,117.9,9.7,31,1
12,1896,1,1896.0420000000001,48.4,6.2,31,1
13,1896,2,1896.124,95.7,8.7,29,1
14,1896,3,1896.2060000000001,86.5,8.3,31,1
15,1896,4,1896.29,73.0,7.6,30,1
16,1896,5,1896.3729999999998,46.1,6.1,31,1
17,1896,6,1896.4560000000001,81.7,8.1,30,1
18,1896,7,1896.54,75.2,7.7,31,1
19,1896,8,1896.624,45.4,6.0,31,1
20,1896,9,1896.7079999999999,102.2,9.0,30,1
21,1896,10,1896.7910000000002,47.9,6.2,31,1
22,1896,11,1896.874,63.3,7.1,30,1
23,1896,12,1896.9579999999999,71.0,7.5,31,1
24,1897,1,1897.0420000000001,67.6,7.3,31,1
25,1897,2,1897.1229999999998,49.0,6.2,28,1
26,1897,3,1897.204,48.7,6.2,31,1
27,1897,4,1897.2879999999998,51.7,6.4,30,1
28,1897,5,1897.371,33.3,5.2,31,1
29,1897,6,1897.455,18.9,4.0,30,1
30,1897,7,1897.5379999999998,46.1,6.1,31,1
31,1897,8,1897.6229999999998,36.4,5.4,31,1
32,1897,9,1897.707,80.4,8.0,30,1
33,1897,10,1897.79,23.9,4.5,31,1
34,1897,11,1897.874,14.0,3.5,30,1
35,1897,12,1897.9579999999999,55.5,6.7,31,1
36,1898,1,1898.0420000000001,50.4,6.3,31,1
37,1898,2,1898.1229999999998,60.7,7.0,28,1
38,1898,3,1898.204,63.9,7.2,31,1
39,1898,4,1898.2879999999998,24.2,4.5,30,1
40,1898,5,1898.371,43.0,5.9,31,1
41,1898,6,1898.455,37.1,5.4,30,1
42,1898,7,1898.5379999999998,15.0,3.7,31,1
43,1898,8,1898.6229999999998,52.3,6.5,31,1
44,1898,9,1898.707,58.1,6.8,30,1
45,1898,10,1898.79,57.1,6.8,31,1
46,1898,11,1898.874,51.6,6.4,30,1
47,1898,12,1898.9579999999999,21.1,4.2,31,1
48,1899,1,1899.0420000000001,32.4,5.1,31,1
49,1899,2,1899.1229999999998,15.3,3.7,28,1
50,1899,3,1899.204,30.3,5.0,31,1
51,1899,4,1899.2879999999998,23.6,4.4,30,1
52,1899,5,1899.371,12.9,3.3,31,1
53,1899,6,1899.455,34.1,5.2,30,1
54,1899,7,1899.5379999999998,22.5,4.4,31,1
55,1899,8,1899.6229999999998,4.9,2.6,31,1
56,1899,9,1899.707,14.0,3.5,30,1
57,1899,10,1899.79,21.7,4.4,31,1
58,1899,11,1899.874,13.0,3.4,30,1
59,1899,12,1899.9579999999999,17.6,3.9,31,1
60,1900,1,1900.0420000000001,15.7,3.7,31,1
61,1900,2,1900.1229999999998,22.8,4.5,28,1
62,1900,3,1900.204,14.4,3.6,31,1
63,1900,4,1900.2879999999998,26.8,4.6,30,1
64,1900,5,1900.371,25.3,4.6,31,1
65,1900,6,1900.455,20.1,4.2,30,1
66,1900,7,1900.5379999999998,13.9,3.6,31,1
67,1900,8,1900.6229999999998,7.1,2.9,31,1
68,1900,9,1900.707,13.9,3.6,30,1
69,1900,10,1900.79,21.6,4.3,31,1
70,1900,11,1900.874,7.5,2.9,30,1
71,1900,12,1900.9579999999999,0.5,2.0,31,1
72,1901,1,1901.0420000000001,0.4,2.0,31,1
73,1901,2,1901.1229999999998,4.0,2.4,28,1
74,1901,3,1901.204,7.4,3.0,31,1
75,1901,4,1901.2879999999998,0.0,2.0,30,1
76,1901,5,1901.371,17.0,4.0,31,1
77,1901,6,1901.455,9.7,3.1,30,1
78,1901,7,1901.5379999999998,1.2,2.1,31,1
79,1901,8,1901.6229999999998,1.7,2.2,31,1
80,1901,9,1901.707,0.9,2.1,30,1
81,1901,10,1901.79,6.3,2.8,31,1
82,1901,11,1901.874,6.4,2.7,30,1
83,1901,12,1901.9579999999999,0.0,2.0,31,1
84,1902,1,1902.0420000000001,9.3,3.2,31,1
85,1902,2,1902.1229999999998,0.0,2.0,28,1
86,1902,3,1902.204,20.7,4.3,31,1
87,1902,4,1902.2879999999998,0.0,2.0,30,1
88,1902,5,1902.371,4.7,2.5,31,1
89,1902,6,1902.455,2.4,2.3,30,1
90,1902,7,1902.5379999999998,1.5,2.2,31,1
91,1902,8,1902.6229999999998,3.8,2.4,31,1
92,1902,9,1902.707,12.6,3.5,30,1
93,1902,10,1902.79,27.2,4.7,31,1
94,1902,11,1902.874,17.2,4.0,30,1
95,1902,12,1902.9579999999999,1.8,2.2,31,1
96,1903,1,1903.0420000000001,13.9,3.5,31,1
97,1903,2,1903.1229999999998,28.4,4.8,28,1
98,1903,3,1903.204,22.5,4.4,31,1
99,1903,4,1903.2879999999998,43.5,5.9,30,1
100,1903,5,1903.371,24.3,4.5,31,1
101,1903,6,1903.455,27.2,4.7,30,1
102,1903,7,1903.5379999999998,46.4,6.1,31,1
103,1903,8,1903.6229999999998,48.0,6.2,31,1
104,1903,9,1903.707,18.5,4.0,30,1
105,1903,10,1903.79,64.8,7.2,31,1
106,1903,11,1903.874,74.2,7.7,30,1
107,1903,12,1903.9579999999999,76.2,7.8,31,1
108,1904,1,1904.0420000000001,52.6,6.5,31,1
109,1904,2,1904.124,40.8,5.7,29,1
110,1904,3,1904.2060000000001,61.9,7.0,31,1
111,1904,4,1904.29,71.6,7.6,30,1
112,1904,5,1904.3729999999998,65.7,7.2,31,1
113,1904,6,1904.4560000000001,69.8,7.5,30,1
114,1904,7,1904.54,84.3,8.2,31,1
115,1904,8,1904.624,97.1,8.8,31,1
116,1904,9,1904.7079999999999,50.2,6.3,30,1
117,1904,10,1904.7910000000002,90.4,8.5,31,1
118,1904,11,1904.874,63.4,7.1,30,1
119,1904,12,1904.9579999999999,91.1,8.5,31,1
120,1905,1,1905.0420000000001,91.2,8.5,31,1
121,1905,2,1905.1229999999998,143.0,10.7,28,1
122,1905,3,1905.204,94.3,8.7,31,1
123,1905,4,1905.2879999999998,65.5,7.2,30,1
124,1905,5,1905.371,79.9,8.0,31,1
125,1905,6,1905.455,81.6,8.1,30,1
126,1905,7,1905.5379999999998,121.6,9.8,31,1
127,1905,8,1905.6229999999998,98.1,8.8,31,1
128,1905,9,1905.707,91.8,8.5,30,1
129,1905,10,1905.79,131.2,10.2,31,1
130,1905,11,1905.874,178.7,11.9,30,1
131,1905,12,1905.9579999999999,92.5,8.6,31,1
132,1906,1,1906.0420000000001,75.8,7.8,31,1
133,1906,2,1906.1229999999998,52.3,6.5,28,1
134,1906,3,1906.204,107.4,9.2,31,1
135,1906,4,1906.2879999999998,92.2,8.6,30,1
136,1906,5,1906.371,96.2,8.7,31,1
137,1906,6,1906.455,105.3,9.2,30,1
138,1906,7,1906.5379999999998,172.7,11.7,31,1
139,1906,8,1906.6229999999998,79.6,8.0,31,1
140,1906,9,1906.707,93.5,8.6,30,1
141,1906,10,1906.79,29.7,4.9,31,1
142,1906,11,1906.874,64.8,7.2,30,1
143,1906,12,1906.9579999999999,108.0,9.3,31,1
144,1907,1,1907.0420000000001,127.4,10.1,31,1
145,1907,2,1907.1229999999998,180.3,12.0,28,1
146,1907,3,1907.204,101.1,9.0,31,1
147,1907,4,1907.2879999999998,87.6,8.4,30,1
148,1907,5,1907.371,71.4,7.5,31,1
149,1907,6,1907.455,67.2,7.3,30,1
150,1907,7,1907.5379999999998,82.9,8.1,31,1
151,1907,8,1907.6229999999998,90.5,8.5,31,1
152,1907,9,1907.707,141.7,10.6,30,1
153,1907,10,1907.79,109.1,9.3,31,1
154,1907,11,1907.874,102.5,9.0,30,1
155,1907,12,1907.9579999999999,78.9,7.9,31,1
156,1908,1,1908.0420000000001,65.4,7.2,31,1
157,1908,2,1908.124,56.6,6.7,29,1
158,1908,3,1908.2060000000001,47.9,6.2,31,1
159,1908,4,1908.29,96.1,8.7,30,1
160,1908,5,1908.3729999999998,68.0,7.4,31,1
161,1908,6,1908.4560000000001,80.2,8.0,30,1
162,1908,7,1908.54,65.8,7.2,31,1
163,1908,8,1908.624,150.9,11.0,31,1
164,1908,9,1908.7079999999999,144.9,10.7,30,1
165,1908,10,1908.7910000000002,53.9,6.6,31,1
166,1908,11,1908.874,75.9,7.8,30,1
167,1908,12,1908.9579999999999,65.9,7.2,31,1
168,1909,1,1909.0420000000001,94.6,8.7,31,1
169,1909,2,1909.1229999999998,77.6,7.9,28,1
170,1909,3,1909.204,110.5,9.4,31,1
171,1909,4,1909.2879999999998,53.7,6.5,30,1
172,1909,5,1909.371,60.0,6.9,31,1
173,1909,6,1909.455,37.8,5.5,30,1
174,1909,7,1909.5379999999998,59.6,6.9,31,1
175,1909,8,1909.6229999999998,38.5,5.5,31,1
176,1909,9,1909.707,64.7,7.2,30,1
177,1909,10,1909.79,97.4,8.8,31,1
178,1909,11,1909.874,93.0,8.6,30,1
179,1909,12,1909.9579999999999,90.2,8.5,31,1
180,1910,1,1910.0420000000001,44.0,5.9,31,1
181,1910,2,1910.1229999999998,52.5,6.5,28,1
182,1910,3,1910.204,35.7,5.3,31,1
183,1910,4,1910.2879999999998,14.1,3.5,30,1
184,1910,5,1910.371,36.9,5.4,31,1
185,1910,6,1910.455,20.5,4.1,30,1
186,1910,7,1910.5379999999998,23.5,4.4,31,1
187,1910,8,1910.6229999999998,19.3,4.1,31,1
188,1910,9,1910.707,43.7,5.9,30,1
189,1910,10,1910.79,63.9,7.1,31,1
190,1910,11,1910.874,8.3,3.0,30,1
191,1910,12,1910.9579999999999,9.6,3.1,31,1
192,1911,1,1911.0420000000001,5.6,2.6,31,1
193,1911,2,1911.1229999999998,15.0,3.7,28,1
194,1911,3,1911.204,13.0,3.5,31,1
195,1911,4,1911.2879999999998,27.6,4.7,30,1
196,1911,5,1911.371,15.1,3.7,31,1
197,1911,6,1911.455,3.7,2.4,30,1
198,1911,7,1911.5379999999998,5.9,2.7,31,1
199,1911,8,1911.6229999999998,6.7,2.7,31,1
200,1911,9,1911.707,6.7,2.8,30,1
201,1911,10,1911.79,4.5,2.5,31,1
202,1911,11,1911.874,7.0,2.7,30,1
203,1911,12,1911.9579999999999,3.7,2.4,31,1
204,1912,1,1912.0420000000001,0.4,2.1,31,1
205,1912,2,1912.124,0.0,2.0,29,1
206,1912,3,1912.2060000000001,8.2,2.9,31,1
207,1912,4,1912.29,7.6,3.0,30,1
208,1912,5,1912.3729999999998,7.4,2.8,31,1
209,1912,6,1912.4560000000001,6.9,2.7,30,1
210,1912,7,1912.54,4.9,2.6,31,1
211,1912,8,1912.624,0.5,2.1,31,1
212,1912,9,1912.7079999999999,15.9,3.7,30,1
213,1912,10,1912.7910000000002,7.6,3.0,31,1
214,1912,11,1912.874,1.9,2.3,30,1
215,1912,12,1912.9579999999999,10.6,3.3,31,1
216,1913,1,1913.0420000000001,3.8,2.4,31,1
217,1913,2,1913.1229999999998,4.8,2.6,28,1
218,1913,3,1913.204,0.8,2.1,31,1
219,1913,4,1913.2879999999998,1.6,2.2,30,1
220,1913,5,1913.371,0.0,2.0,31,1
221,1913,6,1913.455,0.0,2.0,30,1
222,1913,7,1913.5379999999998,2.9,2.4,31,1
223,1913,8,1913.6229999999998,0.4,2.0,31,1
224,1913,9,1913.707,2.0,2.3,30,1
225,1913,10,1913.79,5.2,2.6,31,1
226,1913,11,1913.874,1.2,2.1,30,1
227,1913,12,1913.9579999999999,6.3,2.8,31,1
228,1914,1,1914.0420000000001,4.7,2.6,31,1
229,1914,2,1914.1229999999998,4.4,2.5,28,1
230,1914,3,1914.204,5.3,2.6,31,1
231,1914,4,1914.2879999999998,28.9,4.8,30,1
232,1914,5,1914.371,8.7,3.1,31,1
233,1914,6,1914.455,19.1,4.1,30,1
234,1914,7,1914.5379999999998,9.1,3.0,31,1
235,1914,8,1914.6229999999998,12.9,3.5,31,1
236,1914,9,1914.707,21.2,4.2,30,1
237,1914,10,1914.79,13.7,3.5,31,1
238,1914,11,1914.874,27.3,4.7,30,1
239,1914,12,1914.9579999999999,37.3,5.4,31,1
240,1915,1,1915.0420000000001,38.5,5.5,31,1
241,1915,2,1915.1229999999998,70.4,7.5,28,1
242,1915,3,1915.204,64.8,7.2,31,1
243,1915,4,1915.2879999999998,68.9,7.4,30,1
244,1915,5,1915.371,55.1,6.7,31,1
245,1915,6,1915.455,114.7,9.5,30,1
246,1915,7,1915.5379999999998,119.4,9.7,31,1
247,1915,8,1915.6229999999998,116.0,9.6,31,1
248,1915,9,1915.707,82.4,8.1,30,1
249,1915,10,1915.79,89.1,8.4,31,1
250,1915,11,1915.874,70.9,7.5,30,1
251,1915,12,1915.9579999999999,57.5,6.8,31,1
252,1916,1,1916.0420000000001,75.5,7.8,31,1
253,1916,2,1916.124,92.4,8.6,29,1
254,1916,3,1916.2060000000001,111.7,9.4,31,1
255,1916,4,1916.29,119.8,9.8,30,1
256,1916,5,1916.3729999999998,124.0,9.9,31,1
257,1916,6,1916.4560000000001,112.9,9.5,30,1
258,1916,7,1916.54,89.3,8.4,31,1
259,1916,8,1916.624,58.6,6.9,31,1
260,1916,9,1916.7079999999999,75.1,7.7,30,1
261,1916,10,1916.7910000000002,84.5,8.2,31,1
262,1916,11,1916.874,109.5,9.3,30,1
263,1916,12,1916.9579999999999,88.3,8.4,31,1
264,1917,1,1917.0420000000001,124.5,10.0,31,1
265,1917,2,1917.1229999999998,119.9,9.8,28,1
266,1917,3,1917.204,158.0,11.2,31,1
267,1917,4,1917.2879999999998,124.6,10.0,30,1
268,1917,5,1917.371,190.2,12.3,31,1
269,1917,6,1917.455,191.4,12.3,30,1
270,1917,7,1917.5379999999998,199.7,12.6,31,1
271,1917,8,1917.6229999999998,257.7,14.3,31,1
272,1917,9,1917.707,215.6,13.1,30,1
273,1917,10,1917.79,120.3,9.8,31,1
274,1917,11,1917.874,160.7,11.3,30,1
275,1917,12,1917.9579999999999,215.5,13.1,31,1
276,1918,1,1918.0420000000001,160.0,11.3,31,1
277,1918,2,1918.1229999999998,108.7,9.3,28,1
278,1918,3,1918.204,120.4,9.8,31,1
279,1918,4,1918.2879999999998,134.1,10.3,30,1
280,1918,5,1918.371,127.9,10.1,31,1
281,1918,6,1918.455,99.0,8.9,30,1
282,1918,7,1918.5379999999998,179.5,11.9,31,1
283,1918,8,1918.6229999999998,169.6,11.6,31,1
284,1918,9,1918.707,133.2,10.3,30,1
285,1918,10,1918.79,141.7,10.6,31,1
286,1918,11,1918.874,139.0,10.5,30,1
287,1918,12,1918.9579999999999,98.5,8.9,31,1
288,1919,1,1919.0420000000001,80.2,8.0,31,1
289,1919,2,1919.1229999999998,132.5,10.3,28,1
290,1919,3,1919.204,110.9,9.4,31,1
291,1919,4,1919.2879999999998,86.3,8.3,30,1
292,1919,5,1919.371,146.9,10.8,31,1
293,1919,6,1919.455,185.3,12.1,30,1
294,1919,7,1919.5379999999998,107.8,9.3,31,1
295,1919,8,1919.6229999999998,115.1,9.6,31,1
296,1919,9,1919.707,91.1,8.5,30,1
297,1919,10,1919.79,88.0,8.4,31,1
298,1919,11,1919.874,69.9,7.5,30,1
299,1919,12,1919.9579999999999,58.0,6.8,31,1
300,1920,1,1920.0420000000001,85.3,8.2,31,1
301,1920,2,1920.124,89.8,8.5,29,1
302,1920,3,1920.2060000000001,116.9,9.6,31,1
303,1920,4,1920.29,24.7,4.5,30,1
304,1920,5,1920.3729999999998,55.4,6.6,31,1
305,1920,6,1920.4560000000001,64.6,7.2,30,1
306,1920,7,1920.54,45.7,6.0,31,1
307,1920,8,1920.624,31.9,5.1,31,1
308,1920,9,1920.7079999999999,60.5,7.0,30,1
309,1920,10,1920.7910000000002,82.7,8.1,31,1
310,1920,11,1920.874,45.3,6.0,30,1
311,1920,12,1920.9579999999999,49.8,6.3,31,1
312,1921,1,1921.0420000000001,52.5,6.5,31,1
313,1921,2,1921.1229999999998,47.1,6.1,28,1
314,1921,3,1921.204,44.5,6.0,31,1
315,1921,4,1921.2879999999998,54.0,6.6,30,1
316,1921,5,1921.371,37.0,5.5,31,1
317,1921,6,1921.455,56.2,6.7,30,1
318,1921,7,1921.5379999999998,69.7,7.4,31,1
319,1921,8,1921.6229999999998,38.0,5.5,31,1
320,1921,9,1921.707,29.6,4.9,30,1
321,1921,10,1921.79,30.3,5.0,31,1
322,1921,11,1921.874,29.6,5.0,30,1
323,1921,12,1921.9579999999999,33.9,5.3,31,1
324,1922,1,1922.0420000000001,19.7,4.1,31,1
325,1922,2,1922.1229999999998,43.9,6.0,28,1
326,1922,3,1922.204,91.3,8.5,31,1
327,1922,4,1922.2879999999998,18.3,4.0,30,1
328,1922,5,1922.371,13.4,3.5,31,1
329,1922,6,1922.455,9.8,3.1,30,1
330,1922,7,1922.5379999999998,18.3,4.0,31,1
331,1922,8,1922.6229999999998,10.9,3.3,31,1
332,1922,9,1922.707,7.8,2.8,30,1
333,1922,10,1922.79,10.4,3.2,31,1
334,1922,11,1922.874,12.2,3.3,30,1
335,1922,12,1922.9579999999999,29.0,5.0,31,1
336,1923,1,1923.0420000000001,7.5,3.0,31,1
337,1923,2,1923.1229999999998,2.5,2.3,28,1
338,1923,3,1923.204,5.5,2.6,31,1
339,1923,4,1923.2879999999998,10.2,3.1,30,1
340,1923,5,1923.371,5.3,2.6,31,1
341,1923,6,1923.455,15.3,3.7,30,1
342,1923,7,1923.5379999999998,5.9,2.7,31,1
343,1923,8,1923.6229999999998,0.8,2.1,31,1
344,1923,9,1923.707,22.1,4.2,30,1
345,1923,10,1923.79,19.5,4.0,31,1
346,1923,11,1923.874,16.7,3.8,30,1
347,1923,12,1923.9579999999999,4.6,2.6,31,1
348,1924,1,1924.0420000000001,0.8,2.1,31,1
349,1924,2,1924.124,8.5,3.1,29,1
350,1924,3,1924.2060000000001,3.0,2.4,31,1
351,1924,4,1924.29,18.9,4.2,30,1
352,1924,5,1924.3729999999998,34.6,5.3,31,1
353,1924,6,1924.4560000000001,40.0,5.6,30,1
354,1924,7,1924.54,46.9,6.1,31,1
355,1924,8,1924.624,32.1,5.1,31,1
356,1924,9,1924.7079999999999,41.9,5.8,30,1
357,1924,10,1924.7910000000002,42.6,5.8,31,1
358,1924,11,1924.874,37.5,5.6,30,1
359,1924,12,1924.9579999999999,27.5,4.8,31,1
360,1925,1,1925.0420000000001,9.1,3.1,31,1
361,1925,2,1925.1229999999998,38.6,5.6,28,1
362,1925,3,1925.204,30.0,5.0,31,1
363,1925,4,1925.2879999999998,53.0,6.5,30,1
364,1925,5,1925.371,71.4,7.5,31,1
365,1925,6,1925.455,79.1,7.9,30,1
366,1925,7,1925.5379999999998,64.2,7.2,31,1
367,1925,8,1925.6229999999998,63.3,7.1,31,1
368,1925,9,1925.707,100.3,8.9,30,1
369,1925,10,1925.79,115.3,9.6,31,1
370,1925,11,1925.874,97.6,8.8,30,1
371,1925,12,1925.9579999999999,164.4,11.4,31,1
372,1926,1,1926.0420000000001,119.7,9.8,31,1
373,1926,2,1926.1229999999998,116.4,9.6,28,1
374,1926,3,1926.204,104.2,9.1,31,1
375,1926,4,1926.2879999999998,64.2,7.2,30,1
376,1926,5,1926.371,107.0,9.2,31,1
377,1926,6,1926.455,122.4,9.9,30,1
378,1926,7,1926.5379999999998,87.2,8.3,31,1
379,1926,8,1926.6229999999998,102.7,9.0,31,1
380,1926,9,1926.707,101.4,9.0,30,1
381,1926,10,1926.79,119.3,9.7,31,1
382,1926,11,1926.874,100.8,9.0,30,1
383,1926,12,1926.9579999999999,132.4,10.3,31,1
384,1927,1,1927.0420000000001,136.0,10.4,31,1
385,1927,2,1927.1229999999998,155.1,11.1,28,1
386,1927,3,1927.204,116.1,9.6,31,1
387,1927,4,1927.2879999999998,155.8,11.1,30,1
388,1927,5,1927.371,131.9,10.2,31,1
389,1927,6,1927.455,98.5,8.8,30,1
390,1927,7,1927.5379999999998,91.6,8.5,31,1
391,1927,8,1927.6229999999998,89.6,8.4,31,1
392,1927,9,1927.707,114.1,9.5,30,1
393,1927,10,1927.79,105.2,9.1,31,1
394,1927,11,1927.874,112.1,9.4,30,1
395,1927,12,1927.9579999999999,75.3,7.7,31,1
396,1928,1,1928.0420000000001,139.2,10.5,31,1
397,1928,2,1928.124,122.4,9.9,29,1
398,1928,3,1928.2060000000001,142.4,10.7,31,1
399,1928,4,1928.29,134.3,10.3,30,1
400,1928,5,1928.3729999999998,128.3,10.1,31,1
401,1928,6,1928.4560000000001,152.4,11.0,30,1
402,1928,7,1928.54,163.4,11.4,31,1
403,1928,8,1928.624,139.6,10.5,31,1
404,1928,9,1928.7079999999999,149.6,10.9,30,1
405,1928,10,1928.7910000000002,102.3,9.0,31,1
406,1928,11,1928.874,83.9,8.2,30,1
407,1928,12,1928.9579999999999,98.3,8.8,31,1
408,1929,1,1929.0420000000001,114.8,9.6,31,1
409,1929,2,1929.1229999999998,104.7,9.1,28,1
410,1929,3,1929.204,83.8,8.2,31,1
411,1929,4,1929.2879999999998,87.9,8.4,30,1
412,1929,5,1929.371,97.0,8.8,31,1
413,1929,6,1929.455,119.9,9.8,30,1
414,1929,7,1929.5379999999998,117.1,9.6,31,1
415,1929,8,1929.6229999999998,109.6,9.3,31,1
416,1929,9,1929.707,57.3,6.8,30,1
417,1929,10,1929.79,90.1,8.5,31,1
418,1929,11,1929.874,135.1,10.4,30,1
419,1929,12,1929.9579999999999,179.9,12.0,31,1
420,1930,1,1930.0420000000001,108.8,9.3,31,1
421,1930,2,1930.1229999999998,83.1,8.1,28,1
422,1930,3,1930.204,58.4,6.8,31,1
423,1930,4,1930.2879999999998,63.7,7.1,30,1
424,1930,5,1930.371,61.4,7.0,31,1
425,1930,6,1930.455,48.0,6.2,30,1
426,1930,7,1930.5379999999998,36.5,5.4,31,1
427,1930,8,1930.6229999999998,41.5,5.7,31,1
428,1930,9,1930.707,53.5,6.5,30,1
429,1930,10,1930.79,57.2,6.8,31,1
430,1930,11,1930.874,59.4,6.9,30,1
431,1930,12,1930.9579999999999,43.0,5.9,31,1
432,1931,1,1931.0420000000001,24.4,4.5,31,1
433,1931,2,1931.1229999999998,71.8,7.6,28,1
434,1931,3,1931.204,50.1,6.3,31,1
435,1931,4,1931.2879999999998,52.0,6.4,30,1
436,1931,5,1931.371,40.8,5.7,31,1
437,1931,6,1931.455,25.5,4.7,30,1
438,1931,7,1931.5379999999998,29.0,4.8,31,1
439,1931,8,1931.6229999999998,21.6,4.3,31,1
440,1931,9,1931.707,31.7,5.0,30,1
441,1931,10,1931.79,16.6,3.7,31,1
442,1931,11,1931.874,31.2,5.1,30,1
443,1931,12,1931.9579999999999,29.7,4.9,31,1
444,1932,1,1932.0420000000001,20.1,4.1,31,1
445,1932,2,1932.124,17.6,3.9,29,1
446,1932,3,1932.2060000000001,18.8,4.0,31,1
447,1932,4,1932.29,18.7,4.1,30,1
448,1932,5,1932.3729999999998,29.7,4.9,31,1
449,1932,6,1932.4560000000001,36.9,5.4,30,1
450,1932,7,1932.54,16.0,3.8,31,1
451,1932,8,1932.624,11.3,3.3,31,1
452,1932,9,1932.7079999999999,6.6,2.7,30,1
453,1932,10,1932.7910000000002,14.8,3.5,31,1
454,1932,11,1932.874,13.7,3.5,30,1
455,1932,12,1932.9579999999999,18.5,3.9,31,1
456,1933,1,1933.0420000000001,20.4,4.2,31,1
457,1933,2,1933.1229999999998,36.9,5.6,28,1
458,1933,3,1933.204,16.8,3.8,31,1
459,1933,4,1933.2879999999998,4.9,2.6,30,1
460,1933,5,1933.371,5.3,2.6,31,1
461,1933,6,1933.455,8.7,3.0,30,1
462,1933,7,1933.5379999999998,4.7,2.6,31,1
463,1933,8,1933.6229999999998,0.4,2.0,31,1
464,1933,9,1933.707,8.5,3.0,30,1
465,1933,10,1933.79,5.0,2.6,31,1
466,1933,11,1933.874,1.0,2.1,30,1
467,1933,12,1933.9579999999999,0.4,2.1,31,1
468,1934,1,1934.0420000000001,5.7,2.7,31,1
469,1934,2,1934.1229999999998,12.9,3.4,28,1
470,1934,3,1934.204,7.2,2.8,31,1
471,1934,4,1934.2879999999998,18.8,4.0,30,1
472,1934,5,1934.371,32.9,5.2,31,1
473,1934,6,1934.455,11.2,3.3,30,1
474,1934,7,1934.5379999999998,15.3,3.7,31,1
475,1934,8,1934.6229999999998,13.9,3.6,31,1
476,1934,9,1934.707,6.7,2.8,30,1
477,1934,10,1934.79,9.5,3.0,31,1
478,1934,11,1934.874,14.5,3.6,30,1
479,1934,12,1934.9579999999999,25.7,4.7,31,1
480,1935,1,1935.0420000000001,31.1,5.0,31,1
481,1935,2,1935.1229999999998,34.1,5.2,28,1
482,1935,3,1935.204,38.5,5.6,31,1
483,1935,4,1935.2879999999998,20.4,4.2,30,1
484,1935,5,1935.371,45.4,6.1,31,1
485,1935,6,1935.455,76.2,7.8,30,1
486,1935,7,1935.5379999999998,56.5,6.7,31,1
487,1935,8,1935.6229999999998,50.2,6.3,31,1
488,1935,9,1935.707,70.1,7.5,30,1
489,1935,10,1935.79,88.7,8.4,31,1
490,1935,11,1935.874,107.0,9.2,30,1
491,1935,12,1935.9579999999999,102.5,9.0,31,1
492,1936,1,1936.0420000000001,104.7,9.1,31,1
493,1936,2,1936.124,123.9,9.9,29,1
494,1936,3,1936.2060000000001,128.4,10.1,31,1
495,1936,4,1936.29,124.8,10.0,30,1
496,1936,5,1936.3729999999998,90.9,8.5,31,1
497,1936,6,1936.4560000000001,116.7,9.6,30,1
498,1936,7,1936.54,87.2,8.3,31,1
499,1936,8,1936.624,145.0,10.7,31,1
500,1936,9,1936.7079999999999,126.7,10.0,30,1
501,1936,10,1936.7910000000002,148.2,10.9,31,1
502,1936,11,1936.874,192.3,12.4,30,1
503,1936,12,1936.9579999999999,205.6,12.8,31,1
504,1937,1,1937.0420000000001,220.9,13.3,31,1
505,1937,2,1937.1229999999998,214.1,13.0,28,1
506,1937,3,1937.204,139.7,10.5,31,1
507,1937,4,1937.2879999999998,182.2,12.0,30,1
508,1937,5,1937.371,194.4,12.4,31,1
509,1937,6,1937.455,217.1,13.1,30,1
510,1937,7,1937.5379999999998,241.8,13.9,31,1
511,1937,8,1937.6229999999998,229.5,13.5,31,1
512,1937,9,1937.707,167.9,11.6,30,1
513,1937,10,1937.79,208.2,12.9,31,1
514,1937,11,1937.874,123.9,9.9,30,1
515,1937,12,1937.9579999999999,147.9,10.8,31,1
516,1938,1,1938.0420000000001,164.0,11.4,31,1
517,1938,2,1938.1229999999998,198.6,12.6,28,1
518,1938,3,1938.204,144.2,10.7,31,1
519,1938,4,1938.2879999999998,168.4,11.6,30,1
520,1938,5,1938.371,212.3,13.0,31,1
521,1938,6,1938.455,162.6,11.4,30,1
522,1938,7,1938.5379999999998,275.6,14.8,31,1
523,1938,8,1938.6229999999998,192.8,12.4,31,1
524,1938,9,1938.707,149.3,10.9,30,1
525,1938,10,1938.79,165.3,11.5,31,1
526,1938,11,1938.874,203.6,12.7,30,1
527,1938,12,1938.9579999999999,154.7,11.1,31,1
528,1939,1,1939.0420000000001,133.9,10.3,31,1
529,1939,2,1939.1229999999998,129.0,10.1,28,1
530,1939,3,1939.204,107.8,9.3,31,1
531,1939,4,1939.2879999999998,181.9,12.0,30,1
532,1939,5,1939.371,197.3,12.5,31,1
533,1939,6,1939.455,168.3,11.6,30,1
534,1939,7,1939.5379999999998,162.6,11.4,31,1
535,1939,8,1939.6229999999998,176.3,11.8,31,1
536,1939,9,1939.707,187.7,12.2,30,1
537,1939,10,1939.79,146.9,10.8,31,1
538,1939,11,1939.874,113.7,9.5,30,1
539,1939,12,1939.9579999999999,70.2,7.5,31,1
540,1940,1,1940.0420000000001,84.1,8.2,31,1
541,1940,2,1940.124,99.1,8.9,29,1
542,1940,3,1940.2060000000001,138.9,10.5,31,1
543,1940,4,1940.29,101.1,9.0,30,1
544,1940,5,1940.3729999999998,90.6,8.5,31,1
545,1940,6,1940.4560000000001,139.8,10.5,30,1
546,1940,7,1940.54,112.5,9.5,31,1
547,1940,8,1940.624,175.9,11.8,31,1
548,1940,9,1940.7079999999999,110.8,9.4,30,1
549,1940,10,1940.7910000000002,91.5,8.5,31,1
550,1940,11,1940.874,97.4,8.8,30,1
551,1940,12,1940.9579999999999,113.8,9.5,31,1
552,1941,1,1941.0420000000001,76.1,7.8,31,1
553,1941,2,1941.1229999999998,74.3,7.7,28,1
554,1941,3,1941.204,77.5,7.8,31,1
555,1941,4,1941.2879999999998,54.6,6.6,30,1
556,1941,5,1941.371,49.0,6.3,31,1
557,1941,6,1941.455,99.6,8.9,30,1
558,1941,7,1941.5379999999998,111.4,9.4,31,1
559,1941,8,1941.6229999999998,100.1,8.9,31,1
560,1941,9,1941.707,109.8,9.4,30,1
561,1941,10,1941.79,77.2,7.8,31,1
562,1941,11,1941.874,64.0,7.2,30,1
563,1941,12,1941.9579999999999,56.2,6.7,31,1
564,1942,1,1942.0420000000001,59.5,6.9,31,1
565,1942,2,1942.1229999999998,87.9,8.4,28,1
566,1942,3,1942.204,90.4,8.5,31,1
567,1942,4,1942.2879999999998,101.2,9.0,30,1
568,1942,5,1942.371,41.8,5.8,31,1
569,1942,6,1942.455,18.9,4.0,30,1
570,1942,7,1942.5379999999998,29.6,4.9,31,1
571,1942,8,1942.6229999999998,33.7,5.2,31,1
572,1942,9,1942.707,28.7,4.8,30,1
573,1942,10,1942.79,32.0,5.1,31,1
574,1942,11,1942.874,51.3,6.4,30,1
575,1942,12,1942.9579999999999,37.6,5.5,31,1
576,1943,1,1943.0420000000001,20.7,4.1,31,1
577,1943,2,1943.1229999999998,48.1,6.2,28,1
578,1943,3,1943.204,45.7,6.0,31,1
579,1943,4,1943.2879999999998,43.5,5.9,30,1
580,1943,5,1943.371,23.6,4.3,31,1
581,1943,6,1943.455,12.7,3.4,30,1
582,1943,7,1943.5379999999998,22.0,4.3,31,1
583,1943,8,1943.6229999999998,32.3,5.1,31,1
584,1943,9,1943.707,16.7,3.9,30,1
585,1943,10,1943.79,13.0,3.4,31,1
586,1943,11,1943.874,17.0,3.9,30,1
587,1943,12,1943.9579999999999,31.4,5.1,31,1
588,1944,1,1944.0420000000001,6.1,2.7,31,1
589,1944,2,1944.124,0.8,2.1,29,1
590,1944,3,1944.2060000000001,18.3,4.0,31,1
591,1944,4,1944.29,0.4,2.1,30,1
592,1944,5,1944.3729999999998,4.1,2.6,31,1
593,1944,6,1944.4560000000001,8.2,2.8,30,1
594,1944,7,1944.54,8.5,2.9,31,1
595,1944,8,1944.624,27.9,4.8,31,1
596,1944,9,1944.7079999999999,23.7,4.4,30,1
597,1944,10,1944.7910000000002,28.1,4.8,31,1
598,1944,11,1944.874,17.9,3.9,30,1
599,1944,12,1944.9579999999999,47.4,6.2,31,1
600,1945,1,1945.0420000000001,30.8,5.0,31,1
601,1945,2,1945.1229999999998,21.2,4.2,28,1
602,1945,3,1945.204,35.9,5.4,31,1
603,1945,4,1945.2879999999998,53.4,6.5,30,1
604,1945,5,1945.371,51.0,6.4,31,1
605,1945,6,1945.455,60.2,6.9,30,1
606,1945,7,1945.5379999999998,71.0,7.5,31,1
607,1945,8,1945.6229999999998,43.1,5.9,31,1
608,1945,9,1945.707,58.1,6.8,30,1
609,1945,10,1945.79,114.5,9.5,31,1
610,1945,11,1945.874,76.6,7.8,30,1
611,1945,12,1945.9579999999999,45.7,6.0,31,1
612,1946,1,1946.0420000000001,79.3,7.9,31,1
613,1946,2,1946.1229999999998,143.8,10.7,28,1
614,1946,3,1946.204,127.7,10.1,31,1
615,1946,4,1946.2879999999998,126.1,10.0,30,1
616,1946,5,1946.371,141.6,10.6,31,1
617,1946,6,1946.455,122.6,9.9,30,1
618,1946,7,1946.5379999999998,193.7,12.4,31,1
619,1946,8,1946.6229999999998,178.7,11.9,31,1
620,1946,9,1946.707,157.4,11.2,30,1
621,1946,10,1946.79,170.5,11.6,31,1
622,1946,11,1946.874,206.3,12.8,30,1
623,1946,12,1946.9579999999999,202.9,12.7,31,1
624,1947,1,1947.0420000000001,163.7,8.5,31,1
625,1947,2,1947.1229999999998,188.9,9.2,28,1
626,1947,3,1947.204,183.8,9.1,31,1
627,1947,4,1947.2879999999998,212.1,9.7,30,1
628,1947,5,1947.371,285.0,11.3,31,1
629,1947,6,1947.455,232.1,10.2,30,1
630,1947,7,1947.5379999999998,223.5,10.0,31,1
631,1947,8,1947.6229999999998,267.4,10.9,31,1
632,1947,9,1947.707,239.9,10.4,30,1
633,1947,10,1947.79,231.7,10.2,31,1
634,1947,11,1947.874,181.3,9.0,30,1
635,1947,12,1947.9579999999999,164.9,8.6,31,1
636,1948,1,1948.0420000000001,153.6,8.3,31,1
637,1948,2,1948.124,122.0,7.4,29,1
638,1948,3,1948.2060000000001,134.3,7.7,31,1
639,1948,4,1948.29,268.5,11.0,30,1
640,1948,5,1948.3729999999998,246.4,10.5,31,1
641,1948,6,1948.4560000000001,237.5,10.3,30,1
642,1948,7,1948.54,201.4,9.5,31,1
643,1948,8,1948.624,223.7,10.0,31,1
644,1948,9,1948.7079999999999,202.9,9.5,30,1
645,1948,10,1948.7910000000002,192.9,9.3,31,1
646,1948,11,1948.874,135.6,7.8,30,1
647,1948,12,1948.9579999999999,195.3,9.3,31,1
648,1949,1,1949.0420000000001,168.6,8.7,31,1
649,1949,2,1949.1229999999998,258.0,10.8,28,1
650,1949,3,1949.204,223.0,10.0,31,1
651,1949,4,1949.2879999999998,208.1,9.7,30,1
652,1949,5,1949.371,150.4,8.2,31,1
653,1949,6,1949.455,172.4,8.8,30,1
654,1949,7,1949.5379999999998,178.3,8.9,31,1
655,1949,8,1949.6229999999998,175.3,8.9,31,1
656,1949,9,1949.707,205.8,9.6,30,1
657,1949,10,1949.79,186.3,9.1,31,1
658,1949,11,1949.874,203.2,9.5,30,1
659,1949,12,1949.9579999999999,166.6,8.6,31,1
660,1950,1,1950.0420000000001,143.9,8.0,31,1
661,1950,2,1950.1229999999998,134.3,7.7,28,1
662,1950,3,1950.204,155.4,8.3,31,1
663,1950,4,1950.2879999999998,160.6,8.5,30,1
664,1950,5,1950.371,150.5,8.2,31,1
665,1950,6,1950.455,118.3,7.3,30,1
666,1950,7,1950.5379999999998,128.9,7.6,31,1
667,1950,8,1950.6229999999998,120.6,7.3,31,1
668,1950,9,1950.707,72.7,5.7,30,1
669,1950,10,1950.79,87.0,6.2,31,1
670,1950,11,1950.874,77.7,5.9,30,1
671,1950,12,1950.9579999999999,76.7,5.9,31,1
672,1951,1,1951.0420000000001,85.0,6.2,31,1
673,1951,2,1951.1229999999998,84.8,6.1,28,1
674,1951,3,1951.204,79.3,5.9,31,1
675,1951,4,1951.2879999999998,131.7,7.7,30,1
676,1951,5,1951.371,153.7,8.3,31,1
677,1951,6,1951.455,142.4,8.0,30,1
678,1951,7,1951.5379999999998,87.2,6.2,31,1
679,1951,8,1951.6229999999998,86.5,6.2,31,1
680,1951,9,1951.707,117.7,7.2,30,1
681,1951,10,1951.79,73.3,5.7,31,1
682,1951,11,1951.874,74.2,5.7,30,1
683,1951,12,1951.9579999999999,65.0,5.4,31,1
684,1952,1,1952.0420000000001,57.9,5.1,31,1
685,1952,2,1952.124,32.4,3.8,29,1
686,1952,3,1952.2060000000001,31.5,3.8,31,1
687,1952,4,1952.29,41.7,4.3,30,1
688,1952,5,1952.3729999999998,33.6,3.9,31,1
689,1952,6,1952.4560000000001,52.0,4.8,30,1
690,1952,7,1952.54,56.1,5.0,31,1
691,1952,8,1952.624,77.8,5.9,31,1
692,1952,9,1952.7079999999999,40.4,4.3,30,1
693,1952,10,1952.7910000000002,34.2,3.9,31,1
694,1952,11,1952.874,31.8,3.8,30,1
695,1952,12,1952.9579999999999,48.9,4.7,31,1
696,1953,1,1953.0420000000001,37.9,4.1,31,1
697,1953,2,1953.1229999999998,5.9,1.7,28,1
698,1953,3,1953.204,14.7,2.6,31,1
699,1953,4,1953.2879999999998,39.6,4.2,30,1
700,1953,5,1953.371,18.3,2.9,31,1
701,1953,6,1953.455,31.5,3.8,30,1
702,1953,7,1953.5379999999998,12.7,2.4,31,1
703,1953,8,1953.6229999999998,33.6,3.9,31,1
704,1953,9,1953.707,28.0,3.6,30,1
705,1953,10,1953.79,12.3,2.4,31,1
706,1953,11,1953.874,2.5,1.1,30,1
707,1953,12,1953.9579999999999,3.9,1.3,31,1
708,1954,1,1954.0420000000001,0.4,0.4,31,1
709,1954,2,1954.1229999999998,0.8,0.6,28,1
710,1954,3,1954.204,15.8,2.7,31,1
711,1954,4,1954.2879999999998,2.7,1.1,30,1
712,1954,5,1954.371,1.2,0.7,31,1
713,1954,6,1954.455,0.4,0.4,30,1
714,1954,7,1954.5379999999998,7.3,1.9,31,1
715,1954,8,1954.6229999999998,12.6,2.4,31,1
716,1954,9,1954.707,2.3,1.0,30,1
717,1954,10,1954.79,10.5,2.2,31,1
718,1954,11,1954.874,13.4,2.5,30,1
719,1954,12,1954.9579999999999,11.3,2.3,31,1
720,1955,1,1955.0420000000001,33.4,3.9,31,1
721,1955,2,1955.1229999999998,29.9,3.7,28,1
722,1955,3,1955.204,7.3,1.9,31,1
723,1955,4,1955.2879999999998,16.4,2.7,30,1
724,1955,5,1955.371,41.3,4.3,31,1
725,1955,6,1955.455,45.2,4.5,30,1
726,1955,7,1955.5379999999998,38.2,4.1,31,1
727,1955,8,1955.6229999999998,58.0,5.1,31,1
728,1955,9,1955.707,60.8,5.2,30,1
729,1955,10,1955.79,83.0,6.1,31,1
730,1955,11,1955.874,126.3,7.5,30,1
731,1955,12,1955.9579999999999,108.8,6.9,31,1
732,1956,1,1956.0420000000001,104.1,6.8,31,1
733,1956,2,1956.124,175.6,8.9,29,1
734,1956,3,1956.2060000000001,167.7,8.6,31,1
735,1956,4,1956.29,156.7,8.4,30,1
736,1956,5,1956.3729999999998,193.4,9.3,31,1
737,1956,6,1956.4560000000001,165.1,8.6,30,1
738,1956,7,1956.54,182.7,9.0,31,1
739,1956,8,1956.624,240.2,10.4,31,1
740,1956,9,1956.7079999999999,245.4,10.5,30,1
741,1956,10,1956.7910000000002,219.9,9.9,31,1
742,1956,11,1956.874,285.0,11.3,30,1
743,1956,12,1956.9579999999999,272.0,11.0,31,1
744,1957,1,1957.0420000000001,233.7,10.2,31,1
745,1957,2,1957.1229999999998,184.5,9.1,28,1
746,1957,3,1957.204,222.8,10.0,31,1
747,1957,4,1957.2879999999998,248.0,10.5,30,1
748,1957,5,1957.371,233.0,10.2,31,1
749,1957,6,1957.455,284.3,11.3,30,1
750,1957,7,1957.5379999999998,265.1,10.9,31,1
751,1957,8,1957.6229999999998,223.7,10.0,31,1
752,1957,9,1957.707,334.0,12.3,30,1
753,1957,10,1957.79,359.4,12.7,31,1
754,1957,11,1957.874,298.6,11.6,30,1
755,1957,12,1957.9579999999999,339.0,12.3,31,1
756,1958,1,1958.0420000000001,286.7,11.3,31,1
757,1958,2,1958.1229999999998,233.6,10.2,28,1
758,1958,3,1958.204,270.0,11.0,31,1
759,1958,4,1958.2879999999998,277.6,11.2,30,1
760,1958,5,1958.371,248.2,10.5,31,1
761,1958,6,1958.455,242.9,10.4,30,1
762,1958,7,1958.5379999999998,271.0,11.0,31,1
763,1958,8,1958.6229999999998,283.5,11.3,31,1
764,1958,9,1958.707,285.1,11.3,30,1
765,1958,10,1958.79,256.9,10.7,31,1
766,1958,11,1958.874,215.6,9.8,30,1
767,1958,12,1958.9579999999999,265.7,10.9,31,1
768,1959,1,1959.0420000000001,307.7,11.7,31,1
769,1959,2,1959.1229999999998,202.6,9.5,28,1
770,1959,3,1959.204,263.0,10.9,31,1
771,1959,4,1959.2879999999998,231.3,10.2,30,1
772,1959,5,1959.371,243.6,10.4,31,1
773,1959,6,1959.455,238.9,10.3,30,1
774,1959,7,1959.5379999999998,211.9,9.7,31,1
775,1959,8,1959.6229999999998,282.6,11.3,31,1
776,1959,9,1959.707,205.6,9.6,30,1
777,1959,10,1959.79,157.7,8.4,31,1
778,1959,11,1959.874,175.6,8.9,30,1
779,1959,12,1959.9579999999999,177.1,8.9,31,1
780,1960,1,1960.0420000000001,207.2,9.6,31,1
781,1960,2,1960.124,149.9,8.2,29,1
782,1960,3,1960.2060000000001,144.6,8.0,31,1
783,1960,4,1960.29,172.7,8.8,30,1
784,1960,5,1960.3729999999998,169.3,8.7,31,1
785,1960,6,1960.4560000000001,156.0,8.3,30,1
786,1960,7,1960.54,172.4,8.8,31,1
787,1960,8,1960.624,190.0,9.2,31,1
788,1960,9,1960.7079999999999,180.1,9.0,30,1
789,1960,10,1960.7910000000002,117.3,7.2,31,1
790,1960,11,1960.874,126.9,7.5,30,1
791,1960,12,1960.9579999999999,121.2,7.4,31,1
792,1961,1,1961.0420000000001,82.1,6.0,31,1
793,1961,2,1961.1229999999998,65.4,5.4,28,1
794,1961,3,1961.204,75.2,5.8,31,1
795,1961,4,1961.2879999999998,86.9,6.2,30,1
796,1961,5,1961.371,72.3,5.7,31,1
797,1961,6,1961.455,109.5,7.0,30,1
798,1961,7,1961.5379999999998,99.3,6.6,31,1
799,1961,8,1961.6229999999998,79.2,6.0,31,1
800,1961,9,1961.707,90.1,6.3,30,1
801,1961,10,1961.79,53.7,4.9,31,1
802,1961,11,1961.874,46.5,4.6,30,1
803,1961,12,1961.9579999999999,56.9,5.0,31,1
804,1962,1,1962.0420000000001,55.1,5.0,31,1
805,1962,2,1962.1229999999998,71.7,5.7,28,1
806,1962,3,1962.204,64.9,5.4,31,1
807,1962,4,1962.2879999999998,65.9,5.4,30,1
808,1962,5,1962.371,61.9,5.2,31,1
809,1962,6,1962.455,59.6,5.2,30,1
810,1962,7,1962.5379999999998,31.4,3.8,31,1
811,1962,8,1962.6229999999998,31.5,3.8,31,1
812,1962,9,1962.707,72.7,5.7,30,1
813,1962,10,1962.79,56.1,5.0,31,1
814,1962,11,1962.874,38.8,4.2,30,1
815,1962,12,1962.9579999999999,33.2,3.9,31,1
816,1963,1,1963.0420000000001,28.7,3.6,31,1
817,1963,2,1963.1229999999998,35.2,4.0,28,1
818,1963,3,1963.204,24.8,3.4,31,1
819,1963,4,1963.2879999999998,41.7,4.3,30,1
820,1963,5,1963.371,61.1,5.2,31,1
821,1963,6,1963.455,51.2,4.8,30,1
822,1963,7,1963.5379999999998,28.7,3.6,31,1
823,1963,8,1963.6229999999998,47.5,4.6,31,1
824,1963,9,1963.707,55.2,5.0,30,1
825,1963,10,1963.79,50.1,4.7,31,1
826,1963,11,1963.874,33.7,3.9,30,1
827,1963,12,1963.9579999999999,21.6,3.2,31,1
828,1964,1,1964.0420000000001,22.6,3.2,31,1
829,1964,2,1964.124,25.3,3.4,29,1
830,1964,3,1964.2060000000001,24.1,3.3,31,1
831,1964,4,1964.29,12.9,2.5,30,1
832,1964,5,1964.3729999999998,14.3,2.6,31,1
833,1964,6,1964.4560000000001,13.5,2.5,30,1
834,1964,7,1964.54,4.8,1.5,31,1
835,1964,8,1964.624,13.8,2.5,31,1
836,1964,9,1964.7079999999999,7.0,1.8,30,1
837,1964,10,1964.7910000000002,9.2,2.1,31,1
838,1964,11,1964.874,11.1,2.3,30,1
839,1964,12,1964.9579999999999,22.1,3.2,31,1
840,1965,1,1965.0420000000001,25.4,3.4,31,1
841,1965,2,1965.1229999999998,20.8,3.1,28,1
842,1965,3,1965.204,17.5,2.8,31,1
843,1965,4,1965.2879999999998,10.2,2.2,30,1
844,1965,5,1965.371,34.5,3.9,31,1
845,1965,6,1965.455,23.3,3.3,30,1
846,1965,7,1965.5379999999998,17.3,2.8,31,1
847,1965,8,1965.6229999999998,13.3,2.5,31,1
848,1965,9,1965.707,24.5,3.4,30,1
849,1965,10,1965.79,29.1,3.6,31,1
850,1965,11,1965.874,22.8,3.2,30,1
851,1965,12,1965.9579999999999,24.7,3.4,31,1
852,1966,1,1966.0420000000001,40.3,4.3,31,1
853,1966,2,1966.1229999999998,35.3,4.0,28,1
854,1966,3,1966.204,36.4,4.0,31,1
855,1966,4,1966.2879999999998,69.0,5.5,30,1
856,1966,5,1966.371,64.2,5.3,31,1
857,1966,6,1966.455,67.7,5.5,30,1
858,1966,7,1966.5379999999998,80.2,6.0,31,1
859,1966,8,1966.6229999999998,72.6,5.7,31,1
860,1966,9,1966.707,71.1,5.6,30,1
861,1966,10,1966.79,81.2,6.0,31,1
862,1966,11,1966.874,81.0,6.0,30,1
863,1966,12,1966.9579999999999,99.8,6.7,31,1
864,1967,1,1967.0420000000001,157.0,8.4,31,1
865,1967,2,1967.1229999999998,132.6,7.7,28,1
866,1967,3,1967.204,158.3,8.4,31,1
867,1967,4,1967.2879999999998,98.4,6.6,30,1
868,1967,5,1967.371,122.5,7.4,31,1
869,1967,6,1967.455,95.4,6.5,30,1
870,1967,7,1967.5379999999998,129.5,7.6,31,1
871,1967,8,1967.6229999999998,151.8,8.2,31,1
872,1967,9,1967.707,108.7,7.0,30,1
873,1967,10,1967.79,125.0,7.5,31,1
874,1967,11,1967.874,133.6,7.7,30,1
875,1967,12,1967.9579999999999,179.0,8.9,31,1
876,1968,1,1968.0420000000001,172.5,8.8,31,1
877,1968,2,1968.124,158.5,8.4,29,1
878,1968,3,1968.2060000000001,130.5,7.6,31,1
879,1968,4,1968.29,115.0,7.2,30,1
880,1968,5,1968.3729999999998,180.0,9.0,31,1
881,1968,6,1968.4560000000001,156.2,8.3,30,1
882,1968,7,1968.54,136.2,7.8,31,1
883,1968,8,1968.624,154.8,8.3,31,1
884,1968,9,1968.7079999999999,166.0,8.6,30,1
885,1968,10,1968.7910000000002,152.5,8.2,31,1
886,1968,11,1968.874,121.7,7.4,30,1
887,1968,12,1968.9579999999999,155.5,8.3,31,1
888,1969,1,1969.0420000000001,147.8,8.1,31,1
889,1969,2,1969.1229999999998,170.5,8.7,28,1
890,1969,3,1969.204,192.3,9.3,31,1
891,1969,4,1969.2879999999998,151.1,8.2,30,1
892,1969,5,1969.371,169.9,8.7,31,1
893,1969,6,1969.455,150.1,8.2,30,1
894,1969,7,1969.5379999999998,137.1,7.8,31,1
895,1969,8,1969.6229999999998,138.8,7.9,31,1
896,1969,9,1969.707,129.3,7.6,30,1
897,1969,10,1969.79,135.4,7.8,31,1
898,1969,11,1969.874,132.4,7.7,30,1
899,1969,12,1969.9579999999999,138.6,7.9,31,1
900,1970,1,1970.0420000000001,157.9,8.4,31,1
901,1970,2,1970.1229999999998,180.8,9.0,28,1
902,1970,3,1970.204,145.7,8.1,31,1
903,1970,4,1970.2879999999998,155.1,8.3,30,1
904,1970,5,1970.371,180.5,9.0,31,1
905,1970,6,1970.455,151.3,8.2,30,1
906,1970,7,1970.5379999999998,159.3,8.4,31,1
907,1970,8,1970.6229999999998,131.7,7.7,31,1
908,1970,9,1970.707,140.8,7.9,30,1
909,1970,10,1970.79,122.6,7.4,31,1
910,1970,11,1970.874,134.8,7.8,30,1
911,1970,12,1970.9579999999999,118.2,7.2,31,1
912,1971,1,1971.0420000000001,129.2,7.6,31,1
913,1971,2,1971.1229999999998,111.8,7.0,28,1
914,1971,3,1971.204,85.9,6.2,31,1
915,1971,4,1971.2879999999998,101.6,6.7,30,1
916,1971,5,1971.371,81.5,6.0,31,1
917,1971,6,1971.455,70.7,5.6,30,1
918,1971,7,1971.5379999999998,114.7,7.1,31,1
919,1971,8,1971.6229999999998,87.0,6.2,31,1
920,1971,9,1971.707,71.3,5.6,30,1
921,1971,10,1971.79,73.4,5.7,31,1
922,1971,11,1971.874,89.5,6.3,30,1
923,1971,12,1971.9579999999999,116.5,7.2,31,1
924,1972,1,1972.0420000000001,87.0,6.2,31,1
925,1972,2,1972.124,125.3,7.5,29,1
926,1972,3,1972.2060000000001,113.5,7.1,31,1
927,1972,4,1972.29,89.6,6.3,30,1
928,1972,5,1972.3729999999998,113.9,7.1,31,1
929,1972,6,1972.4560000000001,124.7,7.4,30,1
930,1972,7,1972.54,108.3,6.9,31,1
931,1972,8,1972.624,108.9,7.0,31,1
932,1972,9,1972.7079999999999,90.7,6.4,30,1
933,1972,10,1972.7910000000002,86.9,6.2,31,1
934,1972,11,1972.874,59.2,5.2,30,1
935,1972,12,1972.9579999999999,64.3,5.4,31,1
936,1973,1,1973.0420000000001,61.8,5.2,31,1
937,1973,2,1973.1229999999998,60.9,5.2,28,1
938,1973,3,1973.204,65.4,5.4,31,1
939,1973,4,1973.2879999999998,81.8,6.0,30,1
940,1973,5,1973.371,60.3,5.2,31,1
941,1973,6,1973.455,56.1,5.0,30,1
942,1973,7,1973.5379999999998,33.2,3.9,31,1
943,1973,8,1973.6229999999998,36.6,4.1,31,1
944,1973,9,1973.707,84.1,6.1,30,1
945,1973,10,1973.79,43.7,4.4,31,1
946,1973,11,1973.874,34.3,3.9,30,1
947,1973,12,1973.9579999999999,33.3,3.9,31,1
948,1974,1,1974.0420000000001,39.4,4.2,31,1
949,1974,2,1974.1229999999998,37.3,4.1,28,1
950,1974,3,1974.204,30.9,3.8,31,1
951,1974,4,1974.2879999999998,57.5,5.1,30,1
952,1974,5,1974.371,56.3,5.0,31,1
953,1974,6,1974.455,51.5,4.8,30,1
954,1974,7,1974.5379999999998,79.1,5.9,31,1
955,1974,8,1974.6229999999998,47.9,4.6,31,1
956,1974,9,1974.707,57.2,5.0,30,1
957,1974,10,1974.79,67.2,5.5,31,1
958,1974,11,1974.874,35.9,4.0,30,1
959,1974,12,1974.9579999999999,29.6,3.7,31,1
960,1975,1,1975.0420000000001,27.3,3.5,31,1
961,1975,2,1975.1229999999998,16.7,2.8,28,1
962,1975,3,1975.204,16.9,2.8,31,1
963,1975,4,1975.2879999999998,7.7,1.9,30,1
964,1975,5,1975.371,13.1,2.5,31,1
965,1975,6,1975.455,16.7,2.8,30,1
966,1975,7,1975.5379999999998,40.4,4.3,31,1
967,1975,8,1975.6229999999998,56.7,5.0,31,1
968,1975,9,1975.707,20.3,3.1,30,1
969,1975,10,1975.79,13.6,2.5,31,1
970,1975,11,1975.874,27.9,3.6,30,1
971,1975,12,1975.9579999999999,11.6,2.3,31,1
972,1976,1,1976.0420000000001,11.9,2.3,31,1
973,1976,2,1976.124,6.4,1.7,29,1
974,1976,3,1976.2060000000001,31.5,3.8,31,1
975,1976,4,1976.29,27.3,3.5,30,1
976,1976,5,1976.3729999999998,18.2,2.9,31,1
977,1976,6,1976.4560000000001,17.9,2.9,30,1
978,1976,7,1976.54,2.9,1.2,31,1
979,1976,8,1976.624,24.1,3.3,31,1
980,1976,9,1976.7079999999999,20.0,3.0,30,1
981,1976,10,1976.7910000000002,29.7,3.7,31,1
982,1976,11,1976.874,7.9,1.9,30,1
983,1976,12,1976.9579999999999,22.3,3.2,31,1
984,1977,1,1977.0420000000001,23.8,3.3,31,1
985,1977,2,1977.1229999999998,33.3,3.9,28,1
986,1977,3,1977.204,13.0,2.5,31,1
987,1977,4,1977.2879999999998,19.0,3.0,30,1
988,1977,5,1977.371,27.0,3.5,31,1
989,1977,6,1977.455,54.9,5.0,30,1
990,1977,7,1977.5379999999998,30.6,3.7,31,1
991,1977,8,1977.6229999999998,43.0,4.4,31,1
992,1977,9,1977.707,62.4,5.3,30,1
993,1977,10,1977.79,62.1,5.3,31,1
994,1977,11,1977.874,41.6,4.3,30,1
995,1977,12,1977.9579999999999,61.4,5.2,31,1
996,1978,1,1978.0420000000001,73.7,5.7,31,1
997,1978,2,1978.1229999999998,132.6,7.7,28,1
998,1978,3,1978.204,108.4,6.9,31,1
999,1978,4,1978.2879999999998,141.2,7.9,30,1
1000,1978,5,1978.371,117.1,7.2,31,1
1001,1978,6,1978.455,134.6,7.8,30,1
1002,1978,7,1978.5379999999998,99.7,6.7,31,1
1003,1978,8,1978.6229999999998,82.4,6.0,31,1
1004,1978,9,1978.707,195.7,9.3,30,1
1005,1978,10,1978.79,177.1,8.9,31,1
1006,1978,11,1978.874,138.5,7.9,30,1
1007,1978,12,1978.9579999999999,173.9,8.8,31,1
1008,1979,1,1979.0420000000001,235.9,10.3,31,1
1009,1979,2,1979.1229999999998,194.7,9.3,28,1
1010,1979,3,1979.204,195.3,9.3,31,1
1011,1979,4,1979.2879999999998,143.7,8.0,30,1
1012,1979,5,1979.371,190.3,9.2,31,1
1013,1979,6,1979.455,211.7,9.7,30,1
1014,1979,7,1979.5379999999998,225.7,10.0,31,1
1015,1979,8,1979.6229999999998,201.4,9.5,31,1
1016,1979,9,1979.707,266.9,10.9,30,1
1017,1979,10,1979.79,263.6,10.9,31,1
1018,1979,11,1979.874,259.5,10.8,30,1
1019,1979,12,1979.9579999999999,249.6,10.6,31,1
1020,1980,1,1980.0420000000001,226.1,10.1,31,1
1021,1980,2,1980.124,219.4,9.9,29,1
1022,1980,3,1980.2060000000001,178.7,8.9,31,1
1023,1980,4,1980.29,232.2,10.2,30,1
1024,1980,5,1980.3729999999998,254.7,10.7,31,1
1025,1980,6,1980.4560000000001,222.7,10.0,30,1
1026,1980,7,1980.54,192.9,9.3,31,1
1027,1980,8,1980.624,191.7,9.3,31,1
1028,1980,9,1980.7079999999999,219.6,9.9,30,1
1029,1980,10,1980.7910000000002,233.3,10.2,31,1
1030,1980,11,1980.874,209.5,9.7,30,1
1031,1980,12,1980.9579999999999,246.9,10.5,31,1
1032,1981,1,1981.0420000000001,156.6,9.5,271,1
1033,1981,2,1981.1229999999998,189.9,12.4,229,1
1034,1981,3,1981.204,196.6,11.6,244,1
1035,1981,4,1981.2879999999998,225.3,14.9,254,1
1036,1981,5,1981.371,194.7,13.4,268,1
1037,1981,6,1981.455,131.6,9.5,227,1
1038,1981,7,1981.5379999999998,205.3,13.0,268,1
1039,1981,8,1981.6229999999998,242.5,13.9,276,1
1040,1981,9,1981.707,245.3,18.5,255,1
1041,1981,10,1981.79,216.2,12.1,243,1
1042,1981,11,1981.874,186.0,14.2,248,1
1043,1981,12,1981.9579999999999,195.4,11.9,266,1
1044,1982,1,1982.0420000000001,149.8,10.2,287,1
1045,1982,2,1982.1229999999998,230.9,13.6,256,1
1046,1982,3,1982.204,221.1,11.4,263,1
1047,1982,4,1982.2879999999998,170.3,8.3,284,1
1048,1982,5,1982.371,119.3,8.5,318,1
1049,1982,6,1982.455,163.7,11.2,313,1
1050,1982,7,1982.5379999999998,139.4,14.0,292,1
1051,1982,8,1982.6229999999998,161.9,11.8,301,1
1052,1982,9,1982.707,167.4,9.7,308,1
1053,1982,10,1982.79,134.3,10.4,308,1
1054,1982,11,1982.874,127.5,18.6,244,1
1055,1982,12,1982.9579999999999,169.0,15.4,262,1
1056,1983,1,1983.0420000000001,115.5,8.7,267,1
1057,1983,2,1983.1229999999998,73.1,6.3,261,1
1058,1983,3,1983.204,88.7,7.1,259,1
1059,1983,4,1983.2879999999998,109.6,9.7,282,1
1060,1983,5,1983.371,132.5,9.4,330,1
1061,1983,6,1983.455,131.5,8.2,361,1
1062,1983,7,1983.5379999999998,108.9,7.3,431,1
1063,1983,8,1983.6229999999998,96.0,8.4,429,1
1064,1983,9,1983.707,69.9,5.5,397,1
1065,1983,10,1983.79,72.5,7.0,431,1
1066,1983,11,1983.874,45.7,7.3,363,1
1067,1983,12,1983.9579999999999,45.6,5.5,405,1
1068,1984,1,1984.0420000000001,74.8,6.5,399,1
1069,1984,2,1984.124,110.2,8.1,377,1
1070,1984,3,1984.2060000000001,116.7,8.7,395,1
1071,1984,4,1984.29,90.4,7.6,407,1
1072,1984,5,1984.3729999999998,96.9,7.0,462,1
1073,1984,6,1984.4560000000001,65.1,5.4,438,1
1074,1984,7,1984.54,55.7,5.1,468,1
1075,1984,8,1984.624,35.0,3.4,509,1
1076,1984,9,1984.7079999999999,22.6,3.9,429,1
1077,1984,10,1984.7910000000002,12.6,3.8,428,1
1078,1984,11,1984.874,26.5,4.7,394,1
1079,1984,12,1984.9579999999999,21.4,3.9,397,1
1080,1985,1,1985.0420000000001,17.8,3.9,425,1
1081,1985,2,1985.1229999999998,20.7,3.8,412,1
1082,1985,3,1985.204,16.9,3.9,389,1
1083,1985,4,1985.2879999999998,20.4,3.7,468,1
1084,1985,5,1985.371,32.4,3.7,457,1
1085,1985,6,1985.455,28.3,3.9,465,1
1086,1985,7,1985.5379999999998,39.9,3.8,540,1
1087,1985,8,1985.6229999999998,10.1,3.5,546,1
1088,1985,9,1985.707,4.3,2.4,511,1
1089,1985,10,1985.79,22.0,4.2,486,1
1090,1985,11,1985.874,17.9,2.6,422,1
1091,1985,12,1985.9579999999999,15.8,4.6,422,1
1092,1986,1,1986.0420000000001,2.8,2.8,460,1
1093,1986,2,1986.1229999999998,27.9,3.6,420,1
1094,1986,3,1986.204,13.8,3.8,433,1
1095,1986,4,1986.2879999999998,22.4,4.1,449,1
1096,1986,5,1986.371,16.1,3.6,530,1
1097,1986,6,1986.455,0.6,2.1,494,1
1098,1986,7,1986.5379999999998,18.1,3.9,510,1
1099,1986,8,1986.6229999999998,9.9,2.3,567,1
1100,1986,9,1986.707,5.1,3.0,505,1
1101,1986,10,1986.79,40.1,4.4,507,1
1102,1986,11,1986.874,15.4,4.3,515,1
1103,1986,12,1986.9579999999999,5.8,2.8,544,1
1104,1987,1,1987.0420000000001,9.8,2.7,487,1
1105,1987,2,1987.1229999999998,3.4,2.6,429,1
1106,1987,3,1987.204,17.4,3.0,501,1
1107,1987,4,1987.2879999999998,46.0,4.4,581,1
1108,1987,5,1987.371,39.1,3.5,566,1
1109,1987,6,1987.455,18.8,3.5,586,1
1110,1987,7,1987.5379999999998,38.2,4.3,645,1
1111,1987,8,1987.6229999999998,47.9,3.3,619,1
1112,1987,9,1987.707,42.2,3.5,609,1
1113,1987,10,1987.79,63.4,4.8,501,1
1114,1987,11,1987.874,48.8,5.1,417,1
1115,1987,12,1987.9579999999999,29.1,3.2,455,1
1116,1988,1,1988.0420000000001,70.5,5.5,484,1
1117,1988,2,1988.124,45.4,4.6,525,1
1118,1988,3,1988.2060000000001,91.2,5.7,516,1
1119,1988,4,1988.29,108.8,6.7,562,1
1120,1988,5,1988.3729999999998,74.2,6.1,582,1
1121,1988,6,1988.4560000000001,124.3,8.3,574,1
1122,1988,7,1988.54,131.4,9.6,605,1
1123,1988,8,1988.624,139.4,9.0,649,1
1124,1988,9,1988.7079999999999,142.7,9.4,551,1
1125,1988,10,1988.7910000000002,156.5,9.7,530,1
1126,1988,11,1988.874,156.8,8.9,488,1
1127,1988,12,1988.9579999999999,231.2,13.5,490,1
1128,1989,1,1989.0420000000001,210.1,15.0,536,1
1129,1989,2,1989.1229999999998,208.7,12.7,489,1
1130,1989,3,1989.204,170.4,10.2,573,1
1131,1989,4,1989.2879999999998,166.3,9.7,534,1
1132,1989,5,1989.371,195.4,10.6,668,1
1133,1989,6,1989.455,284.5,15.5,619,1
1134,1989,7,1989.5379999999998,180.5,10.2,673,1
1135,1989,8,1989.6229999999998,232.0,13.5,639,1
1136,1989,9,1989.707,225.1,14.9,585,1
1137,1989,10,1989.79,212.2,11.2,562,1
1138,1989,11,1989.874,238.2,15.2,550,1
1139,1989,12,1989.9579999999999,211.4,13.5,504,1
1140,1990,1,1990.0420000000001,227.4,13.6,516,1
1141,1990,2,1990.1229999999998,171.8,11.3,518,1
1142,1990,3,1990.204,191.7,11.0,592,1
1143,1990,4,1990.2879999999998,189.7,10.1,575,1
1144,1990,5,1990.371,175.2,10.0,691,1
1145,1990,6,1990.455,153.3,9.1,599,1
1146,1990,7,1990.5379999999998,191.1,9.8,661,1
1147,1990,8,1990.6229999999998,252.1,12.8,714,1
1148,1990,9,1990.707,169.1,9.2,622,1
1149,1990,10,1990.79,199.4,12.6,605,1
1150,1990,11,1990.874,178.8,12.3,536,1
1151,1990,12,1990.9579999999999,197.1,12.6,479,1
1152,1991,1,1991.0420000000001,195.3,14.5,552,1
1153,1991,2,1991.1229999999998,240.3,13.9,493,1
1154,1991,3,1991.204,197.0,11.8,546,1
1155,1991,4,1991.2879999999998,197.6,11.9,590,1
1156,1991,5,1991.371,166.9,9.9,625,1
1157,1991,6,1991.455,224.7,12.9,620,1
1158,1991,7,1991.5379999999998,240.2,13.7,661,1
1159,1991,8,1991.6229999999998,240.8,14.3,707,1
1160,1991,9,1991.707,168.9,11.3,621,1
1161,1991,10,1991.79,197.1,13.2,524,1
1162,1991,11,1991.874,159.5,10.1,487,1
1163,1991,12,1991.9579999999999,212.6,14.1,506,1
1164,1992,1,1992.0420000000001,198.3,12.9,566,1
1165,1992,2,1992.124,230.7,14.5,590,1
1166,1992,3,1992.2060000000001,151.0,9.2,537,1
1167,1992,4,1992.29,142.2,9.5,660,1
1168,1992,5,1992.3729999999998,94.3,7.7,746,1
1169,1992,6,1992.4560000000001,98.5,6.6,706,1
1170,1992,7,1992.54,114.2,7.7,761,1
1171,1992,8,1992.624,91.9,6.7,794,1
1172,1992,9,1992.7079999999999,94.0,5.5,764,1
1173,1992,10,1992.7910000000002,133.4,8.2,623,1
1174,1992,11,1992.874,129.6,8.2,559,1
1175,1992,12,1992.9579999999999,122.0,8.4,539,1
1176,1993,1,1993.0420000000001,81.4,5.9,583,1
1177,1993,2,1993.1229999999998,127.8,8.3,551,1
1178,1993,3,1993.204,102.4,6.6,739,1
1179,1993,4,1993.2879999999998,94.4,6.7,719,1
1180,1993,5,1993.371,78.8,5.7,752,1
1181,1993,6,1993.455,69.6,5.4,706,1
1182,1993,7,1993.5379999999998,80.4,5.4,699,1
1183,1993,8,1993.6229999999998,62.5,5.0,809,1
1184,1993,9,1993.707,31.2,4.5,709,1
1185,1993,10,1993.79,71.1,5.5,630,1
1186,1993,11,1993.874,48.2,4.4,551,1
1187,1993,12,1993.9579999999999,68.4,5.9,562,1
1188,1994,1,1994.0420000000001,84.9,6.6,582,1
1189,1994,2,1994.1229999999998,54.9,4.8,539,1
1190,1994,3,1994.204,47.5,4.1,728,1
1191,1994,4,1994.2879999999998,27.4,3.9,763,1
1192,1994,5,1994.371,29.8,4.1,789,1
1193,1994,6,1994.455,39.7,5.0,789,1
1194,1994,7,1994.5379999999998,50.6,4.3,865,1
1195,1994,8,1994.6229999999998,34.3,3.2,876,1
1196,1994,9,1994.707,40.5,4.1,735,1
1197,1994,10,1994.79,67.1,4.2,657,1
1198,1994,11,1994.874,29.5,4.7,591,1
1199,1994,12,1994.9579999999999,32.2,3.5,610,1
1200,1995,1,1995.0420000000001,32.6,5.3,630,1
1201,1995,2,1995.1229999999998,45.8,3.9,620,1
1202,1995,3,1995.204,46.3,3.8,706,1
1203,1995,4,1995.2879999999998,21.6,3.6,698,1
1204,1995,5,1995.371,19.4,2.8,781,1
1205,1995,6,1995.455,22.5,3.8,747,1
1206,1995,7,1995.5379999999998,20.4,3.1,842,1
1207,1995,8,1995.6229999999998,18.2,3.6,854,1
1208,1995,9,1995.707,15.7,3.0,708,1
1209,1995,10,1995.79,30.6,3.7,734,1
1210,1995,11,1995.874,14.0,3.7,594,1
1211,1995,12,1995.9579999999999,14.9,3.6,515,1
1212,1996,1,1996.0420000000001,13.3,3.4,535,1
1213,1996,2,1996.124,7.7,3.4,532,1
1214,1996,3,1996.2060000000001,12.6,3.1,621,1
1215,1996,4,1996.29,6.8,2.5,678,1
1216,1996,5,1996.3729999999998,7.6,3.1,676,1
1217,1996,6,1996.4560000000001,16.5,2.9,682,1
1218,1996,7,1996.54,11.8,2.6,766,1
1219,1996,8,1996.624,19.7,3.5,759,1
1220,1996,9,1996.7079999999999,3.0,2.5,656,1
1221,1996,10,1996.7910000000002,0.7,2.1,630,1
1222,1996,11,1996.874,24.9,4.4,536,1
1223,1996,12,1996.9579999999999,14.0,2.9,543,1
1224,1997,1,1997.0420000000001,7.4,3.2,497,1
1225,1997,2,1997.1229999999998,11.0,2.9,545,1
1226,1997,3,1997.204,12.1,2.4,627,1
1227,1997,4,1997.2879999999998,23.0,3.3,663,1
1228,1997,5,1997.371,25.4,2.8,716,1
1229,1997,6,1997.455,20.8,2.5,656,1
1230,1997,7,1997.5379999999998,12.9,4.2,700,1
1231,1997,8,1997.6229999999998,35.7,3.8,723,1
1232,1997,9,1997.707,59.7,4.8,661,1
1233,1997,10,1997.79,32.8,3.6,623,1
1234,1997,11,1997.874,50.4,4.7,465,1
1235,1997,12,1997.9579999999999,55.5,4.6,418,1
1236,1998,1,1998.0420000000001,44.5,4.6,521,1
1237,1998,2,1998.1229999999998,50.2,4.6,559,1
1238,1998,3,1998.204,82.0,5.9,571,1
1239,1998,4,1998.2879999999998,70.6,7.2,537,1
1240,1998,5,1998.371,74.0,4.8,620,1
1241,1998,6,1998.455,90.5,6.0,521,1
1242,1998,7,1998.5379999999998,96.7,6.3,597,1
1243,1998,8,1998.6229999999998,121.1,7.4,586,1
1244,1998,9,1998.707,132.0,8.6,502,1
1245,1998,10,1998.79,78.5,6.6,432,1
1246,1998,11,1998.874,97.3,6.8,472,1
1247,1998,12,1998.9579999999999,119.2,9.4,435,1
1248,1999,1,1999.0420000000001,86.0,7.6,475,1
1249,1999,2,1999.1229999999998,98.0,7.6,446,1
1250,1999,3,1999.204,103.5,6.8,518,1
1251,1999,4,1999.2879999999998,93.6,7.5,569,1
1252,1999,5,1999.371,149.6,8.5,630,1
1253,1999,6,1999.455,207.2,10.5,567,1
1254,1999,7,1999.5379999999998,173.5,9.3,594,1
1255,1999,8,1999.6229999999998,142.3,12.9,649,1
1256,1999,9,1999.707,106.3,6.5,624,1
1257,1999,10,1999.79,168.7,10.4,531,1
1258,1999,11,1999.874,188.3,12.3,406,1
1259,1999,12,1999.9579999999999,116.8,9.3,404,1
1260,2000,1,2000.0420000000001,133.1,10.4,450,1
1261,2000,2,2000.124,165.7,10.4,490,1
1262,2000,3,2000.2060000000001,217.7,11.9,456,1
1263,2000,4,2000.29,191.5,10.2,529,1
1264,2000,5,2000.3729999999998,165.9,10.1,551,1
1265,2000,6,2000.4560000000001,188.0,8.8,532,1
1266,2000,7,2000.54,244.3,12.0,507,1
1267,2000,8,2000.624,180.5,9.4,626,1
1268,2000,9,2000.7079999999999,156.0,11.2,558,1
1269,2000,10,2000.7910000000002,141.6,8.0,483,1
1270,2000,11,2000.874,158.1,8.9,380,1
1271,2000,12,2000.9579999999999,143.3,8.7,391,1
1272,2001,1,2001.0420000000001,142.6,9.2,437,1
1273,2001,2,2001.1229999999998,121.5,8.1,453,1
1274,2001,3,2001.204,165.8,11.9,485,1
1275,2001,4,2001.2879999999998,161.7,9.4,578,1
1276,2001,5,2001.371,142.1,8.3,578,1
1277,2001,6,2001.455,202.9,10.8,586,1
1278,2001,7,2001.5379999999998,123.0,8.4,645,1
1279,2001,8,2001.6229999999998,161.5,9.3,654,1
1280,2001,9,2001.707,238.2,12.1,518,1
1281,2001,10,2001.79,194.1,11.3,628,1
1282,2001,11,2001.874,176.6,13.3,509,1
1283,2001,12,2001.9579999999999,213.4,12.5,487,1
1284,2002,1,2002.0420000000001,184.6,11.7,500,1
1285,2002,2,2002.1229999999998,170.2,11.3,475,1
1286,2002,3,2002.204,147.1,9.1,580,1
1287,2002,4,2002.2879999999998,186.9,9.8,603,1
1288,2002,5,2002.371,187.5,9.7,595,1
1289,2002,6,2002.455,128.8,7.7,569,1
1290,2002,7,2002.5379999999998,161.0,11.0,628,1
1291,2002,8,2002.6229999999998,175.6,9.8,663,1
1292,2002,9,2002.707,187.9,10.1,554,1
1293,2002,10,2002.79,151.2,8.0,543,1
1294,2002,11,2002.874,147.2,8.2,470,1
1295,2002,12,2002.9579999999999,135.3,10.0,408,1
1296,2003,1,2003.0420000000001,133.5,7.4,482,1
1297,2003,2,2003.1229999999998,75.7,5.7,538,1
1298,2003,3,2003.204,100.7,7.5,633,1
1299,2003,4,2003.2879999999998,97.9,6.4,619,1
1300,2003,5,2003.371,86.8,6.6,606,1
1301,2003,6,2003.455,118.7,7.9,672,1
1302,2003,7,2003.5379999999998,128.3,7.9,677,1
1303,2003,8,2003.6229999999998,115.4,7.3,721,1
1304,2003,9,2003.707,78.5,5.8,685,1
1305,2003,10,2003.79,97.8,8.8,570,1
1306,2003,11,2003.874,82.9,6.3,443,1
1307,2003,12,2003.9579999999999,72.2,5.3,441,1
1308,2004,1,2004.0420000000001,60.6,5.2,491,1
1309,2004,2,2004.124,74.6,6.0,479,1
1310,2004,3,2004.2060000000001,74.8,5.1,594,1
1311,2004,4,2004.29,59.2,5.1,601,1
1312,2004,5,2004.3729999999998,72.8,5.7,614,1
1313,2004,6,2004.4560000000001,66.5,6.8,646,1
1314,2004,7,2004.54,83.8,8.8,709,1
1315,2004,8,2004.624,69.7,5.5,686,1
1316,2004,9,2004.7079999999999,48.8,5.3,604,1
1317,2004,10,2004.7910000000002,74.2,5.5,539,1
1318,2004,11,2004.874,70.1,5.4,477,1
1319,2004,12,2004.9579999999999,28.9,3.4,442,1
1320,2005,1,2005.0420000000001,48.1,4.6,536,1
1321,2005,2,2005.1229999999998,43.5,4.3,500,1
1322,2005,3,2005.204,39.6,3.8,607,1
1323,2005,4,2005.2879999999998,38.7,3.8,598,1
1324,2005,5,2005.371,61.9,5.7,641,1
1325,2005,6,2005.455,56.8,5.3,675,1
1326,2005,7,2005.5379999999998,62.4,6.1,678,1
1327,2005,8,2005.6229999999998,60.5,5.3,706,1
1328,2005,9,2005.707,37.2,4.5,691,1
1329,2005,10,2005.79,13.2,3.4,534,1
1330,2005,11,2005.874,27.5,4.1,499,1
1331,2005,12,2005.9579999999999,59.3,3.9,419,1
1332,2006,1,2006.0420000000001,20.9,3.4,511,1
1333,2006,2,2006.1229999999998,5.7,3.7,434,1
1334,2006,3,2006.204,17.3,4.2,502,1
1335,2006,4,2006.2879999999998,50.3,5.1,550,1
1336,2006,5,2006.371,37.2,3.9,566,1
1337,2006,6,2006.455,24.5,3.3,566,1
1338,2006,7,2006.5379999999998,22.2,2.4,628,1
1339,2006,8,2006.6229999999998,20.8,2.5,650,1
1340,2006,9,2006.707,23.7,3.0,567,1
1341,2006,10,2006.79,14.9,2.4,537,1
1342,2006,11,2006.874,35.7,3.5,444,1
1343,2006,12,2006.9579999999999,22.3,3.5,415,1
1344,2007,1,2007.0420000000001,29.3,2.8,474,1
1345,2007,2,2007.1229999999998,18.4,2.7,423,1
1346,2007,3,2007.204,7.2,2.8,611,1
1347,2007,4,2007.2879999999998,5.4,2.4,650,1
1348,2007,5,2007.371,19.5,3.3,615,1
1349,2007,6,2007.455,21.3,3.4,607,1
1350,2007,7,2007.5379999999998,15.1,1.9,703,1
1351,2007,8,2007.6229999999998,9.8,2.2,669,1
1352,2007,9,2007.707,4.0,2.1,637,1
1353,2007,10,2007.79,1.5,2.4,547,1
1354,2007,11,2007.874,2.8,2.5,437,1
1355,2007,12,2007.9579999999999,17.3,3.1,468,1
1356,2008,1,2008.0420000000001,4.1,2.8,480,1
1357,2008,2,2008.124,2.9,2.4,490,1
1358,2008,3,2008.2060000000001,15.5,2.7,548,1
1359,2008,4,2008.29,3.6,2.3,562,1
1360,2008,5,2008.3729999999998,4.6,3.2,637,1
1361,2008,6,2008.4560000000001,5.2,2.3,637,1
1362,2008,7,2008.54,0.6,2.0,664,1
1363,2008,8,2008.624,0.3,2.0,525,1
1364,2008,9,2008.7079999999999,1.2,2.4,605,1
1365,2008,10,2008.7910000000002,4.2,2.9,571,1
1366,2008,11,2008.874,6.6,2.4,445,1
1367,2008,12,2008.9579999999999,1.0,2.0,480,1
1368,2009,1,2009.0420000000001,1.3,2.0,317,1
1369,2009,2,2009.1229999999998,1.2,2.2,385,1
1370,2009,3,2009.204,0.6,2.0,523,1
1371,2009,4,2009.2879999999998,1.2,2.2,586,1
1372,2009,5,2009.371,2.9,2.4,610,1
1373,2009,6,2009.455,6.3,2.7,623,1
1374,2009,7,2009.5379999999998,5.5,2.6,671,1
1375,2009,8,2009.6229999999998,0.0,2.0,691,1
1376,2009,9,2009.707,7.1,2.2,628,1
1377,2009,10,2009.79,7.7,2.7,564,1
1378,2009,11,2009.874,6.9,3.2,452,1
1379,2009,12,2009.9579999999999,16.3,3.5,415,1
1380,2010,1,2010.0420000000001,19.5,2.5,413,1
1381,2010,2,2010.1229999999998,28.5,2.7,376,1
1382,2010,3,2010.204,24.0,3.6,564,1
1383,2010,4,2010.2879999999998,10.4,3.3,592,1
1384,2010,5,2010.371,13.9,3.4,573,1
1385,2010,6,2010.455,18.8,3.0,600,1
1386,2010,7,2010.5379999999998,25.2,3.4,718,1
1387,2010,8,2010.6229999999998,29.6,3.4,689,1
1388,2010,9,2010.707,36.4,4.0,505,1
1389,2010,10,2010.79,33.6,3.9,501,1
1390,2010,11,2010.874,34.4,3.7,404,1
1391,2010,12,2010.9579999999999,24.5,3.6,393,1
1392,2011,1,2011.0420000000001,27.3,3.1,417,1
1393,2011,2,2011.1229999999998,48.3,5.1,399,1
1394,2011,3,2011.204,78.6,6.9,566,1
1395,2011,4,2011.2879999999998,76.1,6.2,557,1
1396,2011,5,2011.371,58.2,5.0,607,1
1397,2011,6,2011.455,56.1,5.0,544,1
1398,2011,7,2011.5379999999998,64.5,4.8,549,1
1399,2011,8,2011.6229999999998,65.8,5.6,605,1
1400,2011,9,2011.707,120.1,8.8,535,1
1401,2011,10,2011.79,125.7,9.0,503,1
1402,2011,11,2011.874,139.1,9.9,434,1
1403,2011,12,2011.9579999999999,109.3,8.4,361,1
1404,2012,1,2012.0420000000001,94.4,7.1,386,1
1405,2012,2,2012.124,47.8,4.4,388,1
1406,2012,3,2012.2060000000001,86.6,7.3,500,1
1407,2012,4,2012.29,85.9,6.9,479,1
1408,2012,5,2012.3729999999998,96.5,7.2,543,1
1409,2012,6,2012.4560000000001,92.0,6.5,498,1
1410,2012,7,2012.54,100.1,7.3,601,1
1411,2012,8,2012.624,94.8,6.5,612,1
1412,2012,9,2012.7079999999999,93.7,8.1,511,1
1413,2012,10,2012.7910000000002,76.5,5.1,493,1
1414,2012,11,2012.874,87.6,6.5,382,1
1415,2012,12,2012.9579999999999,56.8,5.1,360,1
1416,2013,1,2013.0420000000001,96.1,6.3,362,1
1417,2013,2,2013.1229999999998,60.9,4.4,363,1
1418,2013,3,2013.204,78.3,6.1,429,1
1419,2013,4,2013.2879999999998,107.3,6.8,509,1
1420,2013,5,2013.371,120.2,8.2,487,1
1421,2013,6,2013.455,76.7,5.2,469,1
1422,2013,7,2013.5379999999998,86.2,6.7,575,1
1423,2013,8,2013.6229999999998,91.8,6.6,563,1
1424,2013,9,2013.707,54.5,5.3,446,1
1425,2013,10,2013.79,114.4,8.2,421,1
1426,2013,11,2013.874,113.9,8.2,321,1
1427,2013,12,2013.9579999999999,124.2,9.1,402,1
1428,2014,1,2014.0420000000001,117.0,8.2,398,1
1429,2014,2,2014.1229999999998,146.1,10.7,384,1
1430,2014,3,2014.204,128.7,8.6,493,1
1431,2014,4,2014.2879999999998,112.5,6.9,486,1
1432,2014,5,2014.371,112.5,7.5,493,1
1433,2014,6,2014.455,102.9,7.7,469,1
1434,2014,7,2014.5379999999998,100.2,7.4,477,1
1435,2014,8,2014.6229999999998,106.9,7.6,486,1
1436,2014,9,2014.707,130.0,8.7,419,1
1437,2014,10,2014.79,90.0,6.9,440,1
1438,2014,11,2014.874,103.6,8.5,397,1
1439,2014,12,2014.9579999999999,112.9,7.4,331,1
1440,2015,1,2015.0420000000001,93.0,7.5,546,1
1441,2015,2,2015.1229999999998,66.7,5.3,442,1
1442,2015,3,2015.204,54.5,4.8,628,1
1443,2015,4,2015.2879999999998,75.3,8.2,847,1
1444,2015,5,2015.371,88.8,8.6,895,1
1445,2015,6,2015.455,66.5,6.3,826,1
1446,2015,7,2015.5379999999998,65.8,5.7,977,1
1447,2015,8,2015.6229999999998,64.4,5.2,892,1
1448,2015,9,2015.707,78.6,6.4,862,1
1449,2015,10,2015.79,63.6,5.4,662,1
1450,2015,11,2015.874,62.2,5.2,622,1
1451,2015,12,2015.9579999999999,58.0,5.4,704,1
1452,2016,1,2016.0420000000001,57.0,4.7,634,1
1453,2016,2,2016.124,56.4,5.1,662,1
1454,2016,3,2016.2060000000001,54.1,4.9,873,1
1455,2016,4,2016.2879999999998,37.9,3.5,865,1
1456,2016,5,2016.3729999999998,51.5,4.7,878,1
1457,2016,6,2016.455,20.5,2.0,942,1
1458,2016,7,2016.54,32.4,3.8,1025,1
1459,2016,8,2016.624,50.2,4.5,1067,1
1460,2016,9,2016.7060000000001,44.6,3.8,900,1
1461,2016,10,2016.7910000000002,33.4,3.1,782,1
1462,2016,11,2016.8729999999998,21.4,2.6,689,1
1463,2016,12,2016.9579999999999,18.5,2.4,623,1
1464,2017,1,2017.0420000000001,26.1,2.5,830,1
1465,2017,2,2017.122,26.4,3.7,542,1
1466,2017,3,2017.204,17.7,2.6,1011,1
1467,2017,4,2017.286,32.3,3.7,920,1
1468,2017,5,2017.371,18.9,1.8,1101,1
1469,2017,6,2017.453,19.2,1.4,1136,1
1470,2017,7,2017.5379999999998,17.8,2.6,1093,1
1471,2017,8,2017.6229999999998,32.6,2.9,1002,1
1472,2017,9,2017.705,43.7,4.1,973,1
1473,2017,10,2017.79,13.2,1.0,1125,1
1474,2017,11,2017.8729999999998,5.7,0.5,997,1
1475,2017,12,2017.9579999999999,8.2,1.2,714,1
1476,2018,1,2018.0420000000001,6.8,1.5,701,1
1477,2018,2,2018.122,10.7,1.1,917,1
1478,2018,3,2018.204,2.5,0.4,1081,1
1479,2018,4,2018.286,8.9,1.3,836,0
1480,2018,5,2018.371,13.2,1.6,1035,0
1481,2018,6,2018.453,15.9,1.8,925,0
1482,2018,7,2018.5379999999998,1.6,0.6,1269,0
